ID,Name,Title,Image,Bio,Contact,LinkedIn
1,Alex Chen 2025,President,,"Alex is a fourth-year Chemical Engineering student with a passion for process design and sustainable energy. As President, Alex leads the council in representing CHBE students across all facets of university life at UBC.",alex.chen@student.ubc.ca,https://linkedin.com/in/alexchen
2,Sarah Park,Vice President,person.jpg,"Sarah is a third-year student specializing in biological engineering. She coordinates council initiatives and serves as the primary liaison between students and the CHBE faculty.",,
3,James Okafor,Director of Events,person.jpg,"James organizes the council's full event calendar — from industry networking nights to the annual CHBE banquet. A third-year student who believes great events build great communities.",james.okafor@student.ubc.ca,https://linkedin.com/in/jamesokafor
4,Mei Lin,Director of Finance,person.jpg,"Mei manages the council's budget and financial planning. A fourth-year student with a keen eye for numbers and a dedication to making CHBE events accessible to all students.",,https://linkedin.com/in/meilin
5,Daniel Reyes,Director of Academic Affairs,person.jpg,"Daniel coordinates tutoring programs, help sessions, and faculty communications. He is committed to ensuring every CHBE student has the academic support they need to thrive.",d.reyes@student.ubc.ca,https://linkedin.com/in/danielreyes
6,Priya Sharma,Director of Communications,person.jpg,"Priya manages the council's social media presence and internal communications. A second-year student with a creative eye and a drive to keep the CHBE community informed and engaged.",priya.sharma@student.ubc.ca,
7,Liam Nguyen,Director of Industry Relations,person.jpg,"Liam builds and maintains relationships with industry partners, coordinating plant tours and networking opportunities. A fourth-year student preparing to enter the energy sector.",l.nguyen@student.ubc.ca,https://linkedin.com/in/liamnguyen
8,Aisha Malik,Director of Wellness,person.jpg,"Aisha champions student mental health and wellness initiatives within CHBE. She organizes peer support programs and ensures students have access to resources when they need them most.",aisha.malik@student.ubc.ca,https://linkedin.com/in/aishamalik
9,Connor Walsh,First Year Representative,person.jpg,"Connor represents the incoming class of CHBE students, bringing fresh perspectives to the council. He is passionate about making the first-year transition as smooth as possible for new students.",,
